Replicate,Peptide,Fragment Ion,Raw Times,Raw Intensities,Analyzer,Min Start Time,Max End Time,Protein,Precursor Mz,Product Mz
IT_1-7_6,ENFVLTTAK,b2,"67.35361,67.39114,67.42721,67.46346,67.50027,67.53696,67.57324,67.60925,67.6452,67.68162,67.71734,67.75409,67.79066,67.82724,67.86404,67.90105,67.93815,67.97476,68.01147,68.04825,68.085,68.12149,68.15821,68.19477,68.23035,68.26697,68.30347,68.33965,68.3754,68.41127,68.44748,68.48397,68.52052,68.5564,68.59244,68.6288,68.6653,68.70161,68.73827,68.77411,68.81082,68.84773,68.88429,68.92083,68.95612,68.99229,69.02892,69.06577,69.10245,69.13948,69.17606,69.21317,69.24945,69.28497,69.32117,69.3576,69.39417,69.43089,69.4674,69.50347,69.53917,69.57559,69.61201,69.64816,69.68464,69.72102,69.75836,69.79529,69.83169,69.86816,69.90508,69.9421,69.97871,70.01493,70.05161,70.08883,70.12537,70.16248,70.19839,70.23506,70.27138,70.30808,70.34422,70.38079,70.4174,70.45368,70.49017,70.52655,70.56325,70.6,70.63673,70.67348,70.71026,70.74715,70.78402,70.82123,70.85794,70.89474,70.93175,70.96815,71.00425,71.04066,71.0771,71.11394,71.15047,71.18742,71.22413,71.2605,71.29765,71.33443,71.3707,71.40714,71.44422,71.4811,71.51806,71.55376,71.59037,71.6272,71.66277,71.6993,71.73547,71.77216,71.80894,71.84588,71.88302,71.91956,71.95618,71.9926,72.02911,72.06573,72.10267,72.13898,72.17591,72.21246,72.24796,72.28459","1779.48,1365.909,1016.061,861.3566,830.4552,742.1777,425.6077,466.2571,481.2923,472.3328,443.1819,355.8582,240.3515,767.9044,1098.106,853.0586,403.1407,668.7773,648.826,206.576,462.4795,517.9846,184.6208,464.6197,426.8839,454.6216,374.0783,384.9344,280.0218,308.611,318.0509,323.2272,275.4784,548.9536,690.4281,1917.559,3375.998,6046.131,5839.621,6609.816,6014.764,2793.25,3500.645,1796.765,2192.576,1648.917,1796.915,1054.946,547.3475,628.0957,557.5499,551.4036,460.7501,686.3474,371.9887,249.7339,409.6867,329.3928,421.0565,409.4686,573.8469,422.3109,411.8148,436.18,285.4792,311.8158,368.3253,679.7388,633.8311,553.6423,1031.953,706.5498,727.1038,576.5441,825.5574,884.7812,296.8863,557.4153,435.3817,489.722,463.3086,437.9091,268.805,571.95,424.8017,380.8952,303.9526,233.0431,395.74,277.5023,496.7835,398.7639,455.0082,459.5747,403.148,522.5156,283.5833,552.5286,447.1591,437.2676,348.6187,349.3585,236.9193,371.7608,169.4546,346.6797,405.8522,311.8878,230.8314,329.1533,397.0315,407.5235,477.2043,275.8314,466.6247,438.3565,459.3166,375.9721,381.1533,287.5332,473.4569,251.9601,346.9537,229.703,408.311,303.9309,239.591,265.3472,312.7409,447.3826,836.05,1751.375,3470.832,2255.015,3215.885,2969.63","IT, 1.7 m/z",68.82,69.37,sp|P22891|PROZ_HUMAN,511.779482,244.092797
IT_1-7_6,ENFVLTTAK,y6,"67.35361,67.39114,67.42721,67.46346,67.50027,67.53696,67.57324,67.60925,67.6452,67.68162,67.71734,67.75409,67.79066,67.82724,67.86404,67.90105,67.93815,67.97476,68.01147,68.04825,68.085,68.12149,68.15821,68.19477,68.23035,68.26697,68.30347,68.33965,68.3754,68.41127,68.44748,68.48397,68.52052,68.5564,68.59244,68.6288,68.6653,68.70161,68.73827,68.77411,68.81082,68.84773,68.88429,68.92083,68.95612,68.99229,69.02892,69.06577,69.10245,69.13948,69.17606,69.21317,69.24945,69.28497,69.32117,69.3576,69.39417,69.43089,69.4674,69.50347,69.53917,69.57559,69.61201,69.64816,69.68464,69.72102,69.75836,69.79529,69.83169,69.86816,69.90508,69.9421,69.97871,70.01493,70.05161,70.08883,70.12537,70.16248,70.19839,70.23506,70.27138,70.30808,70.34422,70.38079,70.4174,70.45368,70.49017,70.52655,70.56325,70.6,70.63673,70.67348,70.71026,70.74715,70.78402,70.82123,70.85794,70.89474,70.93175,70.96815,71.00425,71.04066,71.0771,71.11394,71.15047,71.18742,71.22413,71.2605,71.29765,71.33443,71.3707,71.40714,71.44422,71.4811,71.51806,71.55376,71.59037,71.6272,71.66277,71.6993,71.73547,71.77216,71.80894,71.84588,71.88302,71.91956,71.95618,71.9926,72.02911,72.06573,72.10267,72.13898,72.17591,72.21246,72.24796,72.28459","303.4001,358.3536,15.27781,155.0478,635.7126,142.7846,1409.429,2882.709,5348.575,4206.812,4875.771,3397.533,52.24588,875.3378,729.4863,236.2661,497.1562,353.2629,214.2443,86.1666,242.8417,144.7619,184.4962,299.2339,323.4272,70.8922,134.2178,0,166.3447,72.59364,134.8945,240.7979,167.0043,51.69827,170.5947,576.2245,355.5777,194.2943,252.6275,77.37255,396.059,245.7033,595.7399,950.5349,1974.6,2298.118,1775.544,1220.019,437.4343,348.2413,457.2881,149.919,307.0078,531.2486,141.3315,172.1841,388.305,181.1612,204.9969,100.1177,441.9358,222.2979,283.8577,186.9929,261.4483,170.4957,234.8044,307.6163,117.927,124.2923,346.6965,451.1748,233.3411,157.6485,329.1882,440.1024,137.0478,0,296.53,274.8962,261.3879,360.2153,251.9222,78.1482,114.879,356.1472,312.1508,120.9985,138.5723,137.0688,163.313,0,153.8431,114.7833,168.7933,68.45319,78.3849,236.7594,208.4678,271.607,134.2902,224.1726,115.3311,91.88118,29.88882,212.0732,154.1999,83.62498,58.73436,157.1815,21.92077,73.25008,73.42196,0,36.43226,37.72055,142.9907,26.24253,109.2099,0,84.84711,194.3244,69.71021,24.19355,74.87035,97.31918,49.34294,163.652,173.8904,215.2495,126.0359,150.2276,421.0062,219.9377,287.4072,193.4123","IT, 1.7 m/z",68.82,69.37,sp|P22891|PROZ_HUMAN,511.779482,632.397753
IT_1-7_6,ENFVLTTAK,y5,"67.35361,67.39114,67.42721,67.46346,67.50027,67.53696,67.57324,67.60925,67.6452,67.68162,67.71734,67.75409,67.79066,67.82724,67.86404,67.90105,67.93815,67.97476,68.01147,68.04825,68.085,68.12149,68.15821,68.19477,68.23035,68.26697,68.30347,68.33965,68.3754,68.41127,68.44748,68.48397,68.52052,68.5564,68.59244,68.6288,68.6653,68.70161,68.73827,68.77411,68.81082,68.84773,68.88429,68.92083,68.95612,68.99229,69.02892,69.06577,69.10245,69.13948,69.17606,69.21317,69.24945,69.28497,69.32117,69.3576,69.39417,69.43089,69.4674,69.50347,69.53917,69.57559,69.61201,69.64816,69.68464,69.72102,69.75836,69.79529,69.83169,69.86816,69.90508,69.9421,69.97871,70.01493,70.05161,70.08883,70.12537,70.16248,70.19839,70.23506,70.27138,70.30808,70.34422,70.38079,70.4174,70.45368,70.49017,70.52655,70.56325,70.6,70.63673,70.67348,70.71026,70.74715,70.78402,70.82123,70.85794,70.89474,70.93175,70.96815,71.00425,71.04066,71.0771,71.11394,71.15047,71.18742,71.22413,71.2605,71.29765,71.33443,71.3707,71.40714,71.44422,71.4811,71.51806,71.55376,71.59037,71.6272,71.66277,71.6993,71.73547,71.77216,71.80894,71.84588,71.88302,71.91956,71.95618,71.9926,72.02911,72.06573,72.10267,72.13898,72.17591,72.21246,72.24796,72.28459","249.1522,354.6169,376.135,226.5753,173.8565,157.8569,241.5424,157.2063,357.9689,113.6157,145.7654,256.4912,51.78534,211.2862,68.14307,0,65.84736,301.5948,77.50869,112.9579,417.5339,386.8576,0,145.836,57.40599,228.6488,87.91776,157.4325,88.83883,207.4785,76.39089,109.4506,191.2695,119.3723,158.4163,118.4545,17.29818,156.3501,242.7276,355.7365,348.3577,230.3037,926.1691,2130.589,3745.439,3832.197,3343.081,2128.891,845.2371,794.1373,525.3727,434.1615,564.0033,231.4688,128.3745,90.22791,209.0434,103.0891,260.5974,271.4348,86.82943,323.3351,356.2894,85.3699,186.852,229.6725,144.7085,205.5703,207.8889,447.725,820.9977,539.1858,736.8291,161.0098,733.6804,263.3094,219.3792,240.215,546.605,268.2556,313.9811,471.0014,138.6544,352.8067,104.812,38.49525,178.0187,198.4415,43.34186,168.4687,112.4851,164.5923,105.5537,182.8445,79.49609,95.63352,114.7086,96.96674,215.1752,338.0983,220.3172,107.3432,262.1051,116.6511,185.0715,233.7209,208.1189,213.8726,103.3753,151.2621,155.8153,245.6535,488.8911,151.351,275.8003,90.58907,321.0918,238.3531,87.43527,174.4093,214.154,196.3704,269.044,29.7102,82.7928,43.7078,75.29387,301.7138,86.74905,321.5729,207.7762,244.5161,454.3497,150.7707,285.3039,161.3748","IT, 1.7 m/z",68.82,69.37,sp|P22891|PROZ_HUMAN,511.779482,533.329339
IT_1-7_6,ENFVLTTAK,y4,"67.35361,67.39114,67.42721,67.46346,67.50027,67.53696,67.57324,67.60925,67.6452,67.68162,67.71734,67.75409,67.79066,67.82724,67.86404,67.90105,67.93815,67.97476,68.01147,68.04825,68.085,68.12149,68.15821,68.19477,68.23035,68.26697,68.30347,68.33965,68.3754,68.41127,68.44748,68.48397,68.52052,68.5564,68.59244,68.6288,68.6653,68.70161,68.73827,68.77411,68.81082,68.84773,68.88429,68.92083,68.95612,68.99229,69.02892,69.06577,69.10245,69.13948,69.17606,69.21317,69.24945,69.28497,69.32117,69.3576,69.39417,69.43089,69.4674,69.50347,69.53917,69.57559,69.61201,69.64816,69.68464,69.72102,69.75836,69.79529,69.83169,69.86816,69.90508,69.9421,69.97871,70.01493,70.05161,70.08883,70.12537,70.16248,70.19839,70.23506,70.27138,70.30808,70.34422,70.38079,70.4174,70.45368,70.49017,70.52655,70.56325,70.6,70.63673,70.67348,70.71026,70.74715,70.78402,70.82123,70.85794,70.89474,70.93175,70.96815,71.00425,71.04066,71.0771,71.11394,71.15047,71.18742,71.22413,71.2605,71.29765,71.33443,71.3707,71.40714,71.44422,71.4811,71.51806,71.55376,71.59037,71.6272,71.66277,71.6993,71.73547,71.77216,71.80894,71.84588,71.88302,71.91956,71.95618,71.9926,72.02911,72.06573,72.10267,72.13898,72.17591,72.21246,72.24796,72.28459","454.2869,390.5006,144.8273,415.4683,168.6557,245.3212,140.1288,277.4356,409.4587,178.032,634.2132,198.9357,261.7845,326.5792,227.792,161.7382,101.7584,1011.809,182.0797,185.3603,129.9509,383.2303,90.78198,206.3828,225.6217,583.2322,473.1278,107.1915,65.2831,201.7206,498.6836,271.3127,259.3877,262.7313,256.7073,119.7328,454.0051,450.4727,683.8523,273.9684,633.0659,450.3474,646.0505,1204.921,1768.986,2191.505,1620.241,922.2758,798.1824,494.8295,665.4291,346.4362,685.8322,406.1038,216.0002,303.5447,360.3843,433.1355,224.5569,606.4198,601.9675,652.3026,395.6224,547.3713,324.8813,293.7813,354.9628,175.5573,188.4583,491.7349,530.9523,441.5855,452.5224,661.7547,951.3395,474.6647,599.6761,956.6823,976.309,614.2155,424.7222,526.9892,208.6772,442.3515,282.5077,179.9288,301.8817,104.2428,328.5067,93.91563,346.163,370.5442,266.0391,286.9779,239.9275,351.2178,279.9845,317.6921,243.5161,287.6695,326.497,503.976,231.4187,197.5429,96.73643,405.13,479.152,464.3839,131.9792,0,166.6728,287.8629,141.0465,140.0238,412.0669,99.558,123.1917,368.1685,168.0014,277.4931,332.2947,641.2667,340.4333,119.5503,161.9157,190.3733,190.2988,194.4013,510.6639,239.9483,786.8287,503.507,545.4764,205.3972,296.3275,264.7924","IT, 1.7 m/z",68.82,69.37,sp|P22891|PROZ_HUMAN,511.779482,420.245275
IT_1-7_6,ENFVLTTAK,y3,"67.35361,67.39114,67.42721,67.46346,67.50027,67.53696,67.57324,67.60925,67.6452,67.68162,67.71734,67.75409,67.79066,67.82724,67.86404,67.90105,67.93815,67.97476,68.01147,68.04825,68.085,68.12149,68.15821,68.19477,68.23035,68.26697,68.30347,68.33965,68.3754,68.41127,68.44748,68.48397,68.52052,68.5564,68.59244,68.6288,68.6653,68.70161,68.73827,68.77411,68.81082,68.84773,68.88429,68.92083,68.95612,68.99229,69.02892,69.06577,69.10245,69.13948,69.17606,69.21317,69.24945,69.28497,69.32117,69.3576,69.39417,69.43089,69.4674,69.50347,69.53917,69.57559,69.61201,69.64816,69.68464,69.72102,69.75836,69.79529,69.83169,69.86816,69.90508,69.9421,69.97871,70.01493,70.05161,70.08883,70.12537,70.16248,70.19839,70.23506,70.27138,70.30808,70.34422,70.38079,70.4174,70.45368,70.49017,70.52655,70.56325,70.6,70.63673,70.67348,70.71026,70.74715,70.78402,70.82123,70.85794,70.89474,70.93175,70.96815,71.00425,71.04066,71.0771,71.11394,71.15047,71.18742,71.22413,71.2605,71.29765,71.33443,71.3707,71.40714,71.44422,71.4811,71.51806,71.55376,71.59037,71.6272,71.66277,71.6993,71.73547,71.77216,71.80894,71.84588,71.88302,71.91956,71.95618,71.9926,72.02911,72.06573,72.10267,72.13898,72.17591,72.21246,72.24796,72.28459","148.5845,137.1861,95.38268,148.3785,133.2128,80.34227,81.77258,127.3055,0,122.7441,191.9738,194.9667,300.0544,3560.76,4155.613,3665.248,1864.061,3022.249,3022.48,1437.264,1465.112,1275.351,767.3041,960.7665,880.7599,543.7316,878.7897,319.9205,387.6606,350.1858,279.9193,157.4021,226.2859,354.8313,92.47272,333.247,311.2679,554.8831,515.7385,354.1162,451.2569,415.2335,682.7903,526.8229,1040.268,1527.037,971.441,702.2678,369.6995,305.7074,407.296,216.1149,288.1976,189.6429,132.1859,109.9385,317.616,78.33401,63.55222,193.1231,264.5021,434.9835,154.7049,387.188,118.3681,146.3157,198.5359,151.0999,144.2313,117.3283,174.4734,241.4534,186.3586,287.6931,383.1343,393.6641,314.7006,0,332.7952,306.1344,138.5368,277.5531,132.4268,263.4258,49.08588,158.3991,155.2548,165.6865,315.9487,146.6819,114.7517,187.8177,88.66494,212.1457,153.4137,139.2045,32.45971,339.5784,152.4964,164.3574,146.9212,202.0991,173.2407,175.2556,190.1178,131.2062,187.9943,131.0548,107.713,418.2909,331.6226,229.8298,144.983,203.2485,179.7313,269.9402,233.9076,229.2295,191.1171,106.8312,170.5654,108.422,62.95388,0,71.69678,206.2945,67.6787,34.75158,355.7826,352.6081,598.6946,1052.178,902.4198,713.9292,949.7264,531.1974","IT, 1.7 m/z",68.82,69.37,sp|P22891|PROZ_HUMAN,511.779482,319.197596
IT_1-7_5,ENFVLTTAK,b2,"67.35602,67.393,67.42954,67.46594,67.50303,67.53999,67.57638,67.61257,67.64848,67.68447,67.72059,67.75671,67.79293,67.82968,67.86671,67.90372,67.94101,67.97769,68.01431,68.05142,68.0882,68.12452,68.16114,68.1982,68.23444,68.27101,68.30747,68.34347,68.37932,68.41563,68.4519,68.48822,68.52457,68.56094,68.59705,68.63328,68.6694,68.70546,68.74213,68.77829,68.81432,68.85066,68.88671,68.92359,68.95948,68.99578,69.03189,69.06851,69.1048,69.14188,69.17892,69.21557,69.25165,69.28722,69.32395,69.36032,69.39715,69.43385,69.47078,69.50732,69.54385,69.5806,69.61706,69.6534,69.68948,69.7251,69.76184,69.79823,69.83463,69.87128,69.90814,69.94511,69.98206,70.01816,70.05483,70.09155,70.12846,70.16561,70.20211,70.23865,70.27518,70.31162,70.34759,70.38419,70.42049,70.45678,70.49314,70.52983,70.56714,70.60353,70.64014,70.67687,70.71356,70.75002,70.78692,70.82392,70.86054,70.89773,70.9347,70.97092,71.00732,71.04393,71.08092,71.11729,71.15373,71.19034,71.2272,71.26401,71.30087,71.33769,71.37409,71.41081,71.44725,71.48401,71.52077,71.55701,71.5937,71.63028,71.66603,71.70216,71.73793,71.77377,71.81048,71.84678,71.8838,71.9203,71.95654,71.99262,72.02906,72.06562,72.10266,72.13936,72.17636,72.21329,72.24917,72.28577","708.0967,1166.368,1628.402,1798.497,1100.761,1067.858,777.1605,533.5536,540.5651,421.3438,355.9088,449.4012,421.7774,518.8087,317.8956,207.4843,565.1503,624.5426,567.673,850.9297,678.6459,497.4814,480.3353,689.6995,523.4911,343.211,401.4716,365.9042,326.1808,358.2449,241.6613,290.8748,159.2689,424.3536,385.6328,241.7154,195.8129,849.891,2407.807,4005.738,5614.286,6211.131,5715.669,4278.227,4092.588,2863.598,2444.944,1924.325,1469.403,1352.433,1247.546,619.2133,697.8839,418.3018,665.2957,665.0188,535.4175,365.7916,484.1623,285.4075,518.9135,401.3207,484.2861,409.6596,619.9149,554.6748,380.0604,281.6332,340.1264,403.865,585.1198,400.6525,1059.38,1021.734,1203.216,775.6785,803.9933,350.0244,495.1588,305.2168,483.2088,659.8525,502.9698,462.9692,367.5565,363.6079,558.6773,295.0831,369.9635,542.2344,320.1763,402.4276,300.2857,388.0966,360.5054,528.3209,499.5971,400.5277,450.0782,448.4229,320.6719,254.153,453.26,306.2611,279.6303,222.8897,227.4325,221.0826,131.0539,204.99,240.9854,423.3422,298.4623,212.8061,399.523,353.5541,326.9138,501.4395,269.1877,299.1212,436.2549,361.3387,272.7645,352.8154,256.017,238.6251,366.4893,422.3641,452.0583,488.3694,363.3771,374.9037,447.3679,688.5157,2299.64,2479.79","IT, 1.7 m/z",68.93,69.3,sp|P22891|PROZ_HUMAN,511.779482,244.092797
IT_1-7_5,ENFVLTTAK,y6,"67.35602,67.393,67.42954,67.46594,67.50303,67.53999,67.57638,67.61257,67.64848,67.68447,67.72059,67.75671,67.79293,67.82968,67.86671,67.90372,67.94101,67.97769,68.01431,68.05142,68.0882,68.12452,68.16114,68.1982,68.23444,68.27101,68.30747,68.34347,68.37932,68.41563,68.4519,68.48822,68.52457,68.56094,68.59705,68.63328,68.6694,68.70546,68.74213,68.77829,68.81432,68.85066,68.88671,68.92359,68.95948,68.99578,69.03189,69.06851,69.1048,69.14188,69.17892,69.21557,69.25165,69.28722,69.32395,69.36032,69.39715,69.43385,69.47078,69.50732,69.54385,69.5806,69.61706,69.6534,69.68948,69.7251,69.76184,69.79823,69.83463,69.87128,69.90814,69.94511,69.98206,70.01816,70.05483,70.09155,70.12846,70.16561,70.20211,70.23865,70.27518,70.31162,70.34759,70.38419,70.42049,70.45678,70.49314,70.52983,70.56714,70.60353,70.64014,70.67687,70.71356,70.75002,70.78692,70.82392,70.86054,70.89773,70.9347,70.97092,71.00732,71.04393,71.08092,71.11729,71.15373,71.19034,71.2272,71.26401,71.30087,71.33769,71.37409,71.41081,71.44725,71.48401,71.52077,71.55701,71.5937,71.63028,71.66603,71.70216,71.73793,71.77377,71.81048,71.84678,71.8838,71.9203,71.95654,71.99262,72.02906,72.06562,72.10266,72.13936,72.17636,72.21329,72.24917,72.28577","282.7804,298.4087,608.4393,222.8068,431.6806,314.1588,398.8138,137.9937,132.0792,835.8923,1265.42,127.1532,4657.53,6073.04,4346.768,1993.754,1472.9,250.4397,594.2542,618.0805,264.6652,570.3816,0,96.98933,157.3515,0,232.2239,80.86503,149.7374,170.2531,294.0256,202.1329,61.14357,185.0443,258.778,182.4084,141.5692,181.8304,82.71046,139.5397,191.4654,138.4066,115.7353,41.88245,405.1929,306.0775,491.5463,1305.608,2059.712,1357.065,1289.714,532.9041,378.8481,437.4746,180.1795,350.7323,107.3469,230.6193,475.1111,345.7645,358.1315,218.7587,157.1717,120.4861,345.1386,121.9007,672.1558,151.8519,158.2005,186.5969,278.714,395.1661,164.9279,96.95886,442.6441,457.4388,169.9834,166.4125,183.865,278.6739,187.4918,185.0581,302.4001,300.055,48.39864,242.5005,337.3334,186.8486,351.9377,115.6417,252.1562,208.0456,157.0547,90.91588,65.27512,198.9734,222.5331,62.32262,92.52901,405.8106,146.6705,45.07608,84.4562,32.36232,44.53502,239.0236,238.7101,113.5566,116.2412,94.57636,145.7179,57.33941,88.63351,0,125.0477,117.5605,40.58106,27.45797,26.30173,226.5354,162.2016,46.20139,55.56633,0,0,21.82725,156.4303,120.0124,101.248,229.5302,40.73647,50.03468,334.5553,389.7148,122.2282,469.7383","IT, 1.7 m/z",68.93,69.3,sp|P22891|PROZ_HUMAN,511.779482,632.397753
IT_1-7_5,ENFVLTTAK,y5,"67.35602,67.393,67.42954,67.46594,67.50303,67.53999,67.57638,67.61257,67.64848,67.68447,67.72059,67.75671,67.79293,67.82968,67.86671,67.90372,67.94101,67.97769,68.01431,68.05142,68.0882,68.12452,68.16114,68.1982,68.23444,68.27101,68.30747,68.34347,68.37932,68.41563,68.4519,68.48822,68.52457,68.56094,68.59705,68.63328,68.6694,68.70546,68.74213,68.77829,68.81432,68.85066,68.88671,68.92359,68.95948,68.99578,69.03189,69.06851,69.1048,69.14188,69.17892,69.21557,69.25165,69.28722,69.32395,69.36032,69.39715,69.43385,69.47078,69.50732,69.54385,69.5806,69.61706,69.6534,69.68948,69.7251,69.76184,69.79823,69.83463,69.87128,69.90814,69.94511,69.98206,70.01816,70.05483,70.09155,70.12846,70.16561,70.20211,70.23865,70.27518,70.31162,70.34759,70.38419,70.42049,70.45678,70.49314,70.52983,70.56714,70.60353,70.64014,70.67687,70.71356,70.75002,70.78692,70.82392,70.86054,70.89773,70.9347,70.97092,71.00732,71.04393,71.08092,71.11729,71.15373,71.19034,71.2272,71.26401,71.30087,71.33769,71.37409,71.41081,71.44725,71.48401,71.52077,71.55701,71.5937,71.63028,71.66603,71.70216,71.73793,71.77377,71.81048,71.84678,71.8838,71.9203,71.95654,71.99262,72.02906,72.06562,72.10266,72.13936,72.17636,72.21329,72.24917,72.28577","246.552,353.6589,405.1424,657.6112,559.7588,428.6339,368.481,244.5971,381.3725,209.1941,134.6051,190.1142,101.1376,155.5536,156.1151,117.1506,342.0825,125.8048,30.6856,78.86848,174.6208,581.4973,408.8861,257.011,406.9274,74.40614,33.82314,286.3221,45.5321,76.42995,274.8072,53.178,0,232.1738,170.5857,35.63655,91.53415,103.498,78.78928,325.6595,116.3385,244.8944,204.1096,173.8288,351.2935,1083.455,1666.929,2765.171,4517.448,2524.632,2680.925,958.8438,744.5435,277.8683,676.8092,440.1414,375.9991,301.126,409.4191,352.1658,304.162,31.14772,150.4602,267.3936,251.4936,530.1719,434.3789,258.9514,205.7923,209.19,468.4498,339.1504,492.5196,878.7747,626.4051,445.6594,504.7713,998.1954,711.6049,283.2534,276.67,421.8956,434.7867,365.9844,247.757,42.87192,78.06066,75.33228,0,98.75154,203.5623,34.18274,0,123.3426,228.8113,317.897,80.13367,32.58889,236.0111,318.3219,378.5607,308.6678,202.8301,410.0075,72.23431,289.8766,160.9994,167.1231,277.1185,0,217.9477,152.3231,252.5268,221.509,175.3027,316.3813,135.6785,243.1232,182.255,156.021,122.7988,129.1656,153.2841,42.40333,163.5007,75.2641,85.85271,221.2066,391.6772,183.4642,113.8232,124.5108,357.339,272.2945,481.2885,681.1277","IT, 1.7 m/z",68.93,69.3,sp|P22891|PROZ_HUMAN,511.779482,533.329339
IT_1-7_5,ENFVLTTAK,y4,"67.35602,67.393,67.42954,67.46594,67.50303,67.53999,67.57638,67.61257,67.64848,67.68447,67.72059,67.75671,67.79293,67.82968,67.86671,67.90372,67.94101,67.97769,68.01431,68.05142,68.0882,68.12452,68.16114,68.1982,68.23444,68.27101,68.30747,68.34347,68.37932,68.41563,68.4519,68.48822,68.52457,68.56094,68.59705,68.63328,68.6694,68.70546,68.74213,68.77829,68.81432,68.85066,68.88671,68.92359,68.95948,68.99578,69.03189,69.06851,69.1048,69.14188,69.17892,69.21557,69.25165,69.28722,69.32395,69.36032,69.39715,69.43385,69.47078,69.50732,69.54385,69.5806,69.61706,69.6534,69.68948,69.7251,69.76184,69.79823,69.83463,69.87128,69.90814,69.94511,69.98206,70.01816,70.05483,70.09155,70.12846,70.16561,70.20211,70.23865,70.27518,70.31162,70.34759,70.38419,70.42049,70.45678,70.49314,70.52983,70.56714,70.60353,70.64014,70.67687,70.71356,70.75002,70.78692,70.82392,70.86054,70.89773,70.9347,70.97092,71.00732,71.04393,71.08092,71.11729,71.15373,71.19034,71.2272,71.26401,71.30087,71.33769,71.37409,71.41081,71.44725,71.48401,71.52077,71.55701,71.5937,71.63028,71.66603,71.70216,71.73793,71.77377,71.81048,71.84678,71.8838,71.9203,71.95654,71.99262,72.02906,72.06562,72.10266,72.13936,72.17636,72.21329,72.24917,72.28577","414.7862,396.0586,359.3005,480.111,237.4936,229.2245,191.9135,106.6458,195.4534,176.2672,264.3319,237.3659,347.6582,193.0846,391.7105,0,66.51157,270.0066,172.7717,266.9162,302.3695,352.6378,250.0706,255.6185,741.0212,296.4478,234.4943,222.8396,0,325.2352,141.7356,525.6005,135.9492,155.7259,321.567,165.3712,395.7773,489.4113,698.7119,55.49362,440.285,417.7759,303.2278,208.8451,344.3203,205.9266,488.3199,1397.738,1847.527,1575.807,1435.525,591.6436,408.7964,390.2453,331.8844,455.935,568.71,310.1885,266.7811,237.5867,318.001,133.6429,269.9986,356.063,743.3801,410.2504,664.2452,335.3533,508.7756,492.4385,299.3711,164.9392,571.6767,901.0292,446.1642,734.5045,481.2864,447.7022,382.3515,331.0714,570.6729,1136.619,720.0591,571.6089,560.294,470.7298,535.3105,210.1066,327.9345,284.7315,390.6709,167.2183,299.7473,163.1445,204.4873,461.6622,459.5274,300.5771,121.1244,180.4412,198.1466,483.099,223.7253,179.1664,315.6425,109.2965,471.4636,99.40706,130.8592,259.274,293.9583,193.4262,157.0836,181.793,111.5313,225.5448,175.4599,217.6048,78.46555,185.7977,98.05176,98.22752,58.40475,114.9752,183.755,122.2606,288.7285,184.4643,209.7781,199.3229,282.5395,328.6122,286.9734,487.1034,278.3446,203.3972","IT, 1.7 m/z",68.93,69.3,sp|P22891|PROZ_HUMAN,511.779482,420.245275
IT_1-7_5,ENFVLTTAK,y3,"67.35602,67.393,67.42954,67.46594,67.50303,67.53999,67.57638,67.61257,67.64848,67.68447,67.72059,67.75671,67.79293,67.82968,67.86671,67.90372,67.94101,67.97769,68.01431,68.05142,68.0882,68.12452,68.16114,68.1982,68.23444,68.27101,68.30747,68.34347,68.37932,68.41563,68.4519,68.48822,68.52457,68.56094,68.59705,68.63328,68.6694,68.70546,68.74213,68.77829,68.81432,68.85066,68.88671,68.92359,68.95948,68.99578,69.03189,69.06851,69.1048,69.14188,69.17892,69.21557,69.25165,69.28722,69.32395,69.36032,69.39715,69.43385,69.47078,69.50732,69.54385,69.5806,69.61706,69.6534,69.68948,69.7251,69.76184,69.79823,69.83463,69.87128,69.90814,69.94511,69.98206,70.01816,70.05483,70.09155,70.12846,70.16561,70.20211,70.23865,70.27518,70.31162,70.34759,70.38419,70.42049,70.45678,70.49314,70.52983,70.56714,70.60353,70.64014,70.67687,70.71356,70.75002,70.78692,70.82392,70.86054,70.89773,70.9347,70.97092,71.00732,71.04393,71.08092,71.11729,71.15373,71.19034,71.2272,71.26401,71.30087,71.33769,71.37409,71.41081,71.44725,71.48401,71.52077,71.55701,71.5937,71.63028,71.66603,71.70216,71.73793,71.77377,71.81048,71.84678,71.8838,71.9203,71.95654,71.99262,72.02906,72.06562,72.10266,72.13936,72.17636,72.21329,72.24917,72.28577","167.7634,133.7183,267.4427,364.1183,146.9392,179.5318,94.88259,86.81469,116.4292,180.3329,188.9087,189.6859,159.6677,155.211,47.13764,102.0041,738.3771,3842.499,1891.962,3190.235,3124.88,2251.218,1334.875,1836.94,1912.638,1246.175,1246.133,941.4584,806.3356,674.2176,362.1778,292.5269,176.8688,425.4283,312.9384,358.3712,121.2102,327.4122,515.9968,533.2882,506.5016,493.916,669.513,439.2756,245.9096,464.9124,550.2146,1133.102,1166.635,719.2654,895.7397,317.1519,327.2861,249.6737,163.0606,338.8177,189.4008,196.6099,174.2535,219.7008,398.319,104.3869,200.6265,132.6006,205.651,89.27242,345.002,226.2678,367.9495,115.9682,301.4846,57.01431,297.7122,187.6912,202.0712,495.1711,89.66099,222.913,144.2362,321.9139,210.9477,230.6165,481.8759,140.0896,281.177,175.4968,116.3526,164.2897,68.91689,170.6204,267.1473,61.77824,87.19327,376.3203,229.8903,56.02825,186.1949,160.8256,187.2209,113.0014,309.5761,356.2937,139.6169,207.4983,445.5426,135.6563,151.6001,232.007,168.7448,145.5621,151.2644,148.4179,156.3191,122.0692,111.5628,138.1125,217.8388,97.55773,176.075,99.1384,366.438,86.71686,218.0334,325.7266,109.2298,113.922,141.2579,171.4248,166.8998,132.0165,264.9461,153.4543,326.3669,407.5811,1046.07,1005.365","IT, 1.7 m/z",68.93,69.3,sp|P22891|PROZ_HUMAN,511.779482,319.197596
IT_1-7_4,ENFVLTTAK,b2,"67.37233,67.409,67.44595,67.48245,67.51936,67.55643,67.59293,67.62846,67.66499,67.70126,67.73717,67.77319,67.81017,67.84676,67.88405,67.92094,67.95806,67.99498,68.03185,68.06908,68.1059,68.14231,68.17923,68.21615,68.25232,68.28893,68.32561,68.36138,68.39745,68.43393,68.47021,68.50684,68.54302,68.57935,68.61591,68.65215,68.68828,68.72488,68.76151,68.79729,68.83381,68.86997,68.90602,68.94246,68.97781,69.01385,69.05057,69.08731,69.12386,69.16082,69.19702,69.23336,69.26917,69.30519,69.34145,69.37874,69.41523,69.4518,69.48843,69.52545,69.56229,69.59887,69.63537,69.67255,69.70887,69.74525,69.78168,69.81783,69.85437,69.89043,69.9272,69.96387,70.00098,70.03696,70.07378,70.11089,70.14774,70.1843,70.22117,70.2575,70.29417,70.33051,70.36739,70.40382,70.4404,70.47659,70.51318,70.5498,70.58652,70.6234,70.66008,70.69682,70.73338,70.76974,70.80617,70.84303,70.87977,70.91652,70.95316,70.98934,71.02601,71.06313,71.09988,71.13629,71.17289,71.20949,71.24613,71.2829,71.31949,71.35611,71.39264,71.42945,71.46642,71.50316,71.53991,71.57667,71.61362,71.65001,71.68697,71.72323,71.7594,71.79593,71.83232,71.86889,71.90498,71.94172,71.97765,72.01415,72.05094,72.08749,72.1244,72.16096,72.19801,72.23411,72.27139,72.30831","152.714,310.0863,476.6112,513.4882,914.1455,1263.356,1054.493,980.1069,833.3602,741.8921,502.0265,393.1775,250.86,396.7992,447.3872,252.7954,488.2067,392.5487,342.071,722.7246,1009.867,659.7581,549.0217,595.9153,527.039,462.6956,529.3563,610.8282,333.438,153.2304,248.9363,438.8236,300.6706,376.0066,329.6733,214.586,184.0212,271.9955,406.4442,1112.183,2725.498,5692.824,7037.153,5384.939,5690.881,4548.167,3436.072,2737.233,1866.108,1277.193,1283.137,1600.545,1060.691,797.9783,707.3648,460.1393,523.0808,457.2193,401.4421,486.6041,316.7808,497.5594,600.8338,485.9101,429.7426,598.0977,788.8696,407.194,330.4705,407.2409,257.8489,420.4344,459.6208,998.3824,569.9192,771.2785,1132.756,822.9428,517.9368,706.6066,563.9059,660.3523,577.5217,339.6492,303.8031,388.153,316.9311,386.55,424.7021,465.7576,282.8358,276.0033,399.9837,208.8873,349.1126,535.0425,576.9165,415.5501,438.8025,567.9762,329.1462,288.4381,281.1774,255.6408,146.9333,375.6041,146.9867,304.0826,343.7232,284.5574,456.2181,271.6242,340.1147,397.566,544.2652,116.4357,340.9562,265.8636,300.9882,426.1545,269.2196,396.9386,275.4191,321.9582,203.1322,307.5091,129.9673,213.0845,199.3935,326.5131,265.1999,342.3761,227.6989,284.4021,157.4429,655.8439","IT, 1.7 m/z",69.05,69.49,sp|P22891|PROZ_HUMAN,511.779482,244.092797
IT_1-7_4,ENFVLTTAK,y6,"67.37233,67.409,67.44595,67.48245,67.51936,67.55643,67.59293,67.62846,67.66499,67.70126,67.73717,67.77319,67.81017,67.84676,67.88405,67.92094,67.95806,67.99498,68.03185,68.06908,68.1059,68.14231,68.17923,68.21615,68.25232,68.28893,68.32561,68.36138,68.39745,68.43393,68.47021,68.50684,68.54302,68.57935,68.61591,68.65215,68.68828,68.72488,68.76151,68.79729,68.83381,68.86997,68.90602,68.94246,68.97781,69.01385,69.05057,69.08731,69.12386,69.16082,69.19702,69.23336,69.26917,69.30519,69.34145,69.37874,69.41523,69.4518,69.48843,69.52545,69.56229,69.59887,69.63537,69.67255,69.70887,69.74525,69.78168,69.81783,69.85437,69.89043,69.9272,69.96387,70.00098,70.03696,70.07378,70.11089,70.14774,70.1843,70.22117,70.2575,70.29417,70.33051,70.36739,70.40382,70.4404,70.47659,70.51318,70.5498,70.58652,70.6234,70.66008,70.69682,70.73338,70.76974,70.80617,70.84303,70.87977,70.91652,70.95316,70.98934,71.02601,71.06313,71.09988,71.13629,71.17289,71.20949,71.24613,71.2829,71.31949,71.35611,71.39264,71.42945,71.46642,71.50316,71.53991,71.57667,71.61362,71.65001,71.68697,71.72323,71.7594,71.79593,71.83232,71.86889,71.90498,71.94172,71.97765,72.01415,72.05094,72.08749,72.1244,72.16096,72.19801,72.23411,72.27139,72.30831","42.00797,215.6515,28.5978,146.3719,143.4162,30.05652,244.0408,416.1504,320.775,193.0014,135.2604,0,109.5701,256.4559,3159.481,5692.881,294.3593,4305.434,2457.182,1081.485,1140.424,818.3333,670.6949,209.7241,444.549,87.69087,144.289,353.2491,233.6358,119.6674,437.2173,163.1679,100.9599,123.4624,338.7312,126.173,177.6865,353.937,114.9349,307.941,359.7966,198.3005,178.232,300.5235,254.572,343.744,237.0692,251.6138,864.2021,1320.626,2198.724,2110.492,1424.459,1141.61,400.3813,193.8895,481.0377,141.2967,261.0967,229.7697,161.8881,130.666,397.6746,157.3607,492.7349,113.0671,61.38092,334.8586,191.4421,349.2095,269.1645,242.2417,313.3689,328.2748,83.88258,313.432,54.13637,221.6668,74.10516,301.1605,208.0822,49.54889,231.4037,159.3667,74.48231,238.9996,263.2193,410.5737,405.5532,233.9549,48.34824,220.0435,634.8966,68.776,197.7432,313.7705,226.5798,227.9591,53.2353,387.2267,116.5827,69.25507,161.8622,231.9805,117.4572,78.75882,22.43036,132.4345,48.56214,119.2487,173.104,48.82119,134.9519,140.4944,164.0672,156.8953,0,101.1291,74.27142,95.97378,199.6972,159.2069,0,54.15094,51.1168,130.2127,0,39.70197,57.33837,42.16614,221.5912,169.1231,109.7765,97.02513,153.0681,107.5994","IT, 1.7 m/z",69.05,69.49,sp|P22891|PROZ_HUMAN,511.779482,632.397753
IT_1-7_4,ENFVLTTAK,y5,"67.37233,67.409,67.44595,67.48245,67.51936,67.55643,67.59293,67.62846,67.66499,67.70126,67.73717,67.77319,67.81017,67.84676,67.88405,67.92094,67.95806,67.99498,68.03185,68.06908,68.1059,68.14231,68.17923,68.21615,68.25232,68.28893,68.32561,68.36138,68.39745,68.43393,68.47021,68.50684,68.54302,68.57935,68.61591,68.65215,68.68828,68.72488,68.76151,68.79729,68.83381,68.86997,68.90602,68.94246,68.97781,69.01385,69.05057,69.08731,69.12386,69.16082,69.19702,69.23336,69.26917,69.30519,69.34145,69.37874,69.41523,69.4518,69.48843,69.52545,69.56229,69.59887,69.63537,69.67255,69.70887,69.74525,69.78168,69.81783,69.85437,69.89043,69.9272,69.96387,70.00098,70.03696,70.07378,70.11089,70.14774,70.1843,70.22117,70.2575,70.29417,70.33051,70.36739,70.40382,70.4404,70.47659,70.51318,70.5498,70.58652,70.6234,70.66008,70.69682,70.73338,70.76974,70.80617,70.84303,70.87977,70.91652,70.95316,70.98934,71.02601,71.06313,71.09988,71.13629,71.17289,71.20949,71.24613,71.2829,71.31949,71.35611,71.39264,71.42945,71.46642,71.50316,71.53991,71.57667,71.61362,71.65001,71.68697,71.72323,71.7594,71.79593,71.83232,71.86889,71.90498,71.94172,71.97765,72.01415,72.05094,72.08749,72.1244,72.16096,72.19801,72.23411,72.27139,72.30831","307.1975,0,224.3978,425.7389,526.3571,282.5453,372.8231,358.4001,439.9247,235.756,75.71689,88.32487,60.69229,203.978,128.6254,98.87982,267.0261,148.5997,39.88049,158.6528,0,46.50887,542.4477,142.9664,40.20901,321.8491,39.18525,133.7976,19.23066,434.5903,0,160.1564,42.73513,262.4116,132.871,89.02143,164.4178,78.01717,132.9447,170.452,203.0485,391.3477,218.2258,120.5753,125.0436,299.1844,322.0941,746.8324,1202.723,1968.037,3317.803,4269.69,3230.195,1490.537,1288.553,313.0029,496.3957,289.7747,156.6447,362.8494,318.8352,202.9999,145.6386,173.1845,142.2395,301.3166,358.6949,264.8124,112.7188,285.4145,532.3954,391.7358,570.3331,1110.525,435.4489,1793.641,440.043,424.0472,760.0308,869.3293,183.6041,205.2709,235.4773,227.6823,190.8422,84.65821,162.6283,436.8882,126.9569,356.1003,81.98708,254.3113,208.4002,199.6897,156.2676,333.8581,277.8599,155.5138,139.4152,0,108.9239,115.1585,308.2817,39.03629,153.0986,269.1668,70.42259,259.0366,153.8234,262.9864,230.6472,96.80768,186.258,186.646,236.0648,136.4106,127.274,237.765,359.4016,363.9277,240.4825,229.1594,175.8324,169.4723,0,119.8992,98.44326,148.862,226.1745,119.086,145.5111,129.152,102.2208,122.6028,155.0666,55.80418","IT, 1.7 m/z",69.05,69.49,sp|P22891|PROZ_HUMAN,511.779482,533.329339
IT_1-7_4,ENFVLTTAK,y4,"67.37233,67.409,67.44595,67.48245,67.51936,67.55643,67.59293,67.62846,67.66499,67.70126,67.73717,67.77319,67.81017,67.84676,67.88405,67.92094,67.95806,67.99498,68.03185,68.06908,68.1059,68.14231,68.17923,68.21615,68.25232,68.28893,68.32561,68.36138,68.39745,68.43393,68.47021,68.50684,68.54302,68.57935,68.61591,68.65215,68.68828,68.72488,68.76151,68.79729,68.83381,68.86997,68.90602,68.94246,68.97781,69.01385,69.05057,69.08731,69.12386,69.16082,69.19702,69.23336,69.26917,69.30519,69.34145,69.37874,69.41523,69.4518,69.48843,69.52545,69.56229,69.59887,69.63537,69.67255,69.70887,69.74525,69.78168,69.81783,69.85437,69.89043,69.9272,69.96387,70.00098,70.03696,70.07378,70.11089,70.14774,70.1843,70.22117,70.2575,70.29417,70.33051,70.36739,70.40382,70.4404,70.47659,70.51318,70.5498,70.58652,70.6234,70.66008,70.69682,70.73338,70.76974,70.80617,70.84303,70.87977,70.91652,70.95316,70.98934,71.02601,71.06313,71.09988,71.13629,71.17289,71.20949,71.24613,71.2829,71.31949,71.35611,71.39264,71.42945,71.46642,71.50316,71.53991,71.57667,71.61362,71.65001,71.68697,71.72323,71.7594,71.79593,71.83232,71.86889,71.90498,71.94172,71.97765,72.01415,72.05094,72.08749,72.1244,72.16096,72.19801,72.23411,72.27139,72.30831","197.0074,253.159,438.3777,473.1656,223.4968,190.3322,217.603,310.7452,197.4558,230.5188,263.0262,228.6211,425.0943,157.8295,421.1288,493.869,316.9952,139.8186,817.4866,203.8083,157.7226,416.8074,635.4373,367.05,219.8214,398.0159,269.0946,202.4841,211.8819,269.998,61.11039,232.7522,144.6993,463.9733,400.0533,93.20248,222.1579,246.2923,196.3938,405.4012,616.088,552.0892,805.4736,134.0058,494.3243,403.4681,458.3583,200.8396,1124.207,1073.609,1872.53,1889.192,1251.51,752.592,370.0894,350.2033,436.6952,347.9569,309.0753,162.1073,149.4016,446.1578,500.9856,306.9048,58.28453,173.7628,0,851.2941,266.5762,379.5777,667.4402,149.9764,257.6899,439.4052,411.687,379.9791,739.4426,114.6462,167.3193,302.6115,426.6564,309.9809,676.4517,1034.657,483.0622,945.5769,872.4418,624.4713,698.8756,626.417,229.1738,352.1817,337.4055,258.1141,329.9143,295.6209,98.81845,277.9126,74.61209,310.3277,294.0367,292.3036,225.7843,134.9241,314.9518,486.2433,234.5293,470.7641,359.5339,262.0874,264.0961,280.1535,256.1771,216.396,238.0457,406.9106,338.4043,590.193,225.0299,118.5065,189.9966,149.8495,187.0118,248.792,182.1401,181.0258,98.54037,406.019,218.3393,583.7903,346.5482,366.918,181.8808,177.5915,236.2578,173.9235","IT, 1.7 m/z",69.05,69.49,sp|P22891|PROZ_HUMAN,511.779482,420.245275
IT_1-7_4,ENFVLTTAK,y3,"67.37233,67.409,67.44595,67.48245,67.51936,67.55643,67.59293,67.62846,67.66499,67.70126,67.73717,67.77319,67.81017,67.84676,67.88405,67.92094,67.95806,67.99498,68.03185,68.06908,68.1059,68.14231,68.17923,68.21615,68.25232,68.28893,68.32561,68.36138,68.39745,68.43393,68.47021,68.50684,68.54302,68.57935,68.61591,68.65215,68.68828,68.72488,68.76151,68.79729,68.83381,68.86997,68.90602,68.94246,68.97781,69.01385,69.05057,69.08731,69.12386,69.16082,69.19702,69.23336,69.26917,69.30519,69.34145,69.37874,69.41523,69.4518,69.48843,69.52545,69.56229,69.59887,69.63537,69.67255,69.70887,69.74525,69.78168,69.81783,69.85437,69.89043,69.9272,69.96387,70.00098,70.03696,70.07378,70.11089,70.14774,70.1843,70.22117,70.2575,70.29417,70.33051,70.36739,70.40382,70.4404,70.47659,70.51318,70.5498,70.58652,70.6234,70.66008,70.69682,70.73338,70.76974,70.80617,70.84303,70.87977,70.91652,70.95316,70.98934,71.02601,71.06313,71.09988,71.13629,71.17289,71.20949,71.24613,71.2829,71.31949,71.35611,71.39264,71.42945,71.46642,71.50316,71.53991,71.57667,71.61362,71.65001,71.68697,71.72323,71.7594,71.79593,71.83232,71.86889,71.90498,71.94172,71.97765,72.01415,72.05094,72.08749,72.1244,72.16096,72.19801,72.23411,72.27139,72.30831","59.28649,159.3467,194.4369,133.636,0,465.3947,95.64063,94.18159,176.6738,170.1092,141.0648,190.0831,130.2515,80.56777,33.10403,257.5408,68.16987,198.959,167.0996,2837.251,3933.761,3695.52,2858.117,2624.622,3428.836,1622.424,1542.197,1582.667,1487.125,1139.844,879.4528,827.502,701.0378,579.3016,504.0804,266.0652,256.2303,143.0273,135.2586,470.9007,409.8665,668.3929,582.8803,277.8588,321.3385,469.7599,389.8028,230.7973,396.2157,495.9348,1001.372,1310.16,766.2985,313.5963,237.8797,169.8705,296.5749,567.3975,294.6767,309.2761,137.8055,141.1926,74.76074,177.6186,173.4577,198.269,323.429,133.6538,109.9452,150.5529,247.0868,187.2487,101.5898,120.4192,57.71837,275.055,275.7315,186.4308,232.4732,186.8708,272.37,115.8027,465.795,503.5,210.4202,143.2748,210.047,343.2236,141.2012,301.4917,125.4923,38.35586,150.2596,153.1031,334.4383,265.3578,190.9637,157.2624,83.78358,60.95782,305.2667,70.52899,96.25005,82.84072,151.352,226.3998,31.28406,234.3009,183.5595,32.47677,160.4832,160.7786,219.4223,223.0912,212.1963,208.8467,106.9254,215.1622,248.981,115.3416,135.3879,139.3836,152.4218,149.9445,96.56204,126.8502,65.53886,139.167,0,125.9187,36.59151,137.0315,41.53875,209.3562,241.265,821.5103","IT, 1.7 m/z",69.05,69.49,sp|P22891|PROZ_HUMAN,511.779482,319.197596
IT_1-7_3,ENFVLTTAK,b2,"67.36405,67.4009,67.43733,67.47376,67.5106,67.54736,67.58385,67.61971,67.65643,67.6927,67.72929,67.76519,67.80208,67.83862,67.87566,67.91265,67.94941,67.9865,68.02309,68.06009,68.09696,68.13369,68.17067,68.20765,68.24361,68.28047,68.31725,68.35331,68.38909,68.42584,68.46217,68.49884,68.53528,68.57149,68.60808,68.6441,68.6809,68.717,68.75302,68.78937,68.82543,68.86137,68.89771,68.93384,68.96936,69.00539,69.04118,69.07827,69.11459,69.15154,69.18755,69.22437,69.26016,69.29553,69.33212,69.36877,69.40513,69.44245,69.47925,69.51577,69.55263,69.58929,69.62615,69.66313,69.69971,69.73626,69.77326,69.80944,69.84553,69.88147,69.91747,69.95422,69.99082,70.02695,70.06361,70.10043,70.13772,70.17455,70.21054,70.24738,70.28378,70.32071,70.35722,70.39364,70.43,70.46642,70.50286,70.53938,70.57579,70.61256,70.64931,70.6856,70.72215,70.75822,70.79482,70.83154,70.86787,70.90456,70.94123,70.97717,71.01343,71.05028,71.08703,71.12363,71.16024,71.19704,71.23354,71.27026,71.30729,71.34393,71.38087,71.41703,71.45432,71.4915,71.52901,71.56583,71.60235,71.63907,71.67551,71.71175,71.748,71.78442,71.82063,71.85729,71.89375,71.92941,71.96501,72.00167,72.03793,72.07424,72.11102,72.14723,72.18407,72.22105,72.25734,72.29432","289.0247,412.4082,285.2978,502.7866,626.1109,1055.78,1758.524,2204.096,2209.381,1702.112,1366.884,1300.066,783.814,746.2717,561.015,476.142,502.1682,405.6987,543.1488,322.4828,513.2597,402.4249,772.4731,1021.993,1020.534,684.3094,745.7934,758.4805,452.5173,460.9464,274.5616,427.0313,358.4885,313.7032,354.9233,299.4389,352.8288,303.5167,231.7185,370.5298,667.4591,1639.196,3140.968,4071.785,7115.839,8291.301,7602.09,5574.061,4000.071,2538.083,2233.186,1722.318,1592.798,1306.528,1136.706,946.0553,794.358,604.5396,658.1674,426.1818,726.2001,500.1209,635.584,675.1844,575.304,671.3506,662.7734,692.2983,632.1867,379.6765,586.0625,366.5569,317.1285,681.6098,894.7195,1234.211,823.9127,1131.11,929.9402,1070.506,777.0313,464.0748,683.6021,549.8721,623.8089,553.1374,621.6552,437.2611,429.4479,531.0732,432.6664,657.1385,498.7782,544.6804,650.5389,396.2555,530.2593,544.2754,504.4366,483.9078,541.0267,475.2018,393.2464,424.2462,379.7063,545.289,450.931,294.1855,379.4991,406.0478,304.1669,417.0029,363.6445,208.7732,445.033,401.7474,304.4116,255.6606,323.5639,222.8505,432.5107,417.365,390.9516,600.9758,282.9167,377.1518,276.8056,466.4777,454.1519,314.5159,504.8819,301.7348,375.4192,631.4429,422.1508,422.6876","IT, 1.7 m/z",69.09,69.57,sp|P22891|PROZ_HUMAN,511.779482,244.092797
IT_1-7_3,ENFVLTTAK,y6,"67.36405,67.4009,67.43733,67.47376,67.5106,67.54736,67.58385,67.61971,67.65643,67.6927,67.72929,67.76519,67.80208,67.83862,67.87566,67.91265,67.94941,67.9865,68.02309,68.06009,68.09696,68.13369,68.17067,68.20765,68.24361,68.28047,68.31725,68.35331,68.38909,68.42584,68.46217,68.49884,68.53528,68.57149,68.60808,68.6441,68.6809,68.717,68.75302,68.78937,68.82543,68.86137,68.89771,68.93384,68.96936,69.00539,69.04118,69.07827,69.11459,69.15154,69.18755,69.22437,69.26016,69.29553,69.33212,69.36877,69.40513,69.44245,69.47925,69.51577,69.55263,69.58929,69.62615,69.66313,69.69971,69.73626,69.77326,69.80944,69.84553,69.88147,69.91747,69.95422,69.99082,70.02695,70.06361,70.10043,70.13772,70.17455,70.21054,70.24738,70.28378,70.32071,70.35722,70.39364,70.43,70.46642,70.50286,70.53938,70.57579,70.61256,70.64931,70.6856,70.72215,70.75822,70.79482,70.83154,70.86787,70.90456,70.94123,70.97717,71.01343,71.05028,71.08703,71.12363,71.16024,71.19704,71.23354,71.27026,71.30729,71.34393,71.38087,71.41703,71.45432,71.4915,71.52901,71.56583,71.60235,71.63907,71.67551,71.71175,71.748,71.78442,71.82063,71.85729,71.89375,71.92941,71.96501,72.00167,72.03793,72.07424,72.11102,72.14723,72.18407,72.22105,72.25734,72.29432","116.7525,394.235,23.81357,198.4526,0,0,47.98699,99.71738,473.4445,235.0966,45.59504,108.8271,222.6669,280.9877,400.1205,190.3779,1447.804,2695.533,5214.936,6713.203,5517.864,2412.677,1689.981,0,1180.151,498.4644,669.6454,507.6384,500.7518,340.1367,0,505.5394,156.2923,245.9247,323.8072,153.2385,438.6755,102.8107,152.5363,54.81805,254.2949,55.17611,431.1761,296.6255,295.8656,304.1295,133.6899,651.145,102.8516,217.5116,1059.891,1385.425,1989.928,2112.806,1825.793,2118.779,861.0652,775.5217,384.9726,230.8915,308.7549,233.3469,155.1608,306.6203,134.9547,206.7476,366.4745,435.499,376.1775,173.2254,508.8068,294.4745,504.6232,162.3241,332.8781,313.8069,224.383,419.3538,423.6019,234.4085,175.8023,172.0458,181.1727,93.49945,291.7818,41.44576,373.7343,468.975,358.808,97.75605,68.76312,186.2715,299.8522,126.7302,211.7682,437.0292,330.0483,64.5593,59.75687,264.0126,141.3501,278.0628,0,91.07722,412.3177,281.9519,357.1355,225.6561,133.6416,203.9797,73.69255,75.57617,89.54012,167.0755,234.1946,178.6589,306.6258,183.7068,160.2847,227.6056,161.3942,220.2894,165.8074,128.9378,0,118.9063,197.0338,18.9179,306.9097,162.2186,371.7336,121.0573,317.4807,62.62101,0,105.0638","IT, 1.7 m/z",69.09,69.57,sp|P22891|PROZ_HUMAN,511.779482,632.397753
IT_1-7_3,ENFVLTTAK,y5,"67.36405,67.4009,67.43733,67.47376,67.5106,67.54736,67.58385,67.61971,67.65643,67.6927,67.72929,67.76519,67.80208,67.83862,67.87566,67.91265,67.94941,67.9865,68.02309,68.06009,68.09696,68.13369,68.17067,68.20765,68.24361,68.28047,68.31725,68.35331,68.38909,68.42584,68.46217,68.49884,68.53528,68.57149,68.60808,68.6441,68.6809,68.717,68.75302,68.78937,68.82543,68.86137,68.89771,68.93384,68.96936,69.00539,69.04118,69.07827,69.11459,69.15154,69.18755,69.22437,69.26016,69.29553,69.33212,69.36877,69.40513,69.44245,69.47925,69.51577,69.55263,69.58929,69.62615,69.66313,69.69971,69.73626,69.77326,69.80944,69.84553,69.88147,69.91747,69.95422,69.99082,70.02695,70.06361,70.10043,70.13772,70.17455,70.21054,70.24738,70.28378,70.32071,70.35722,70.39364,70.43,70.46642,70.50286,70.53938,70.57579,70.61256,70.64931,70.6856,70.72215,70.75822,70.79482,70.83154,70.86787,70.90456,70.94123,70.97717,71.01343,71.05028,71.08703,71.12363,71.16024,71.19704,71.23354,71.27026,71.30729,71.34393,71.38087,71.41703,71.45432,71.4915,71.52901,71.56583,71.60235,71.63907,71.67551,71.71175,71.748,71.78442,71.82063,71.85729,71.89375,71.92941,71.96501,72.00167,72.03793,72.07424,72.11102,72.14723,72.18407,72.22105,72.25734,72.29432","87.56785,325.0223,50.73885,146.5614,306.4028,402.3218,408.3011,457.3975,790.0472,715.884,794.1053,520.9321,335.7101,91.95252,265.9067,333.5833,231.2308,112.1567,175.0519,41.19728,0,30.02151,668.455,109.687,183.803,172.5459,121.406,45.51733,642.8254,49.66984,212.6134,65.04106,369.8666,126.0839,279.6332,94.28174,312.7683,106.4638,71.38377,87.34509,246.4352,112.9737,170.0002,45.88089,720.579,493.1828,291.5912,168.3597,540.1321,469.3633,789.0167,1931.678,4204.154,4576.326,3254.714,2687.08,1252.381,801.9672,447.6633,394.24,499.3675,266.1653,319.4358,351.1699,439.9948,255.6046,248.7705,436.7911,230.3604,424.69,307.3553,338.6155,280.6605,341.1444,362.3804,551.0048,505.1693,671.6783,811.6423,615.4324,1022.081,250.9414,270.4865,703.8293,702.7504,86.69637,406.165,486.4897,248.5756,164.5226,187.4563,197.855,299.361,56.03014,190.3989,203.1426,59.10428,91.88245,275.9699,322.3761,302.256,257.6355,252.9748,215.2654,169.9445,383.6985,0,334.7025,267.9086,164.2989,321.9637,317.7417,214.7559,183.6559,192.264,51.51894,218.8715,404.9341,292.1493,247.2455,237.8001,404.5233,275.894,181.5988,202.6021,212.179,137.0306,380.3261,232.2927,111.7301,166.2987,172.5009,190.8559,59.75021,124.0506,50.6147","IT, 1.7 m/z",69.09,69.57,sp|P22891|PROZ_HUMAN,511.779482,533.329339
IT_1-7_3,ENFVLTTAK,y4,"67.36405,67.4009,67.43733,67.47376,67.5106,67.54736,67.58385,67.61971,67.65643,67.6927,67.72929,67.76519,67.80208,67.83862,67.87566,67.91265,67.94941,67.9865,68.02309,68.06009,68.09696,68.13369,68.17067,68.20765,68.24361,68.28047,68.31725,68.35331,68.38909,68.42584,68.46217,68.49884,68.53528,68.57149,68.60808,68.6441,68.6809,68.717,68.75302,68.78937,68.82543,68.86137,68.89771,68.93384,68.96936,69.00539,69.04118,69.07827,69.11459,69.15154,69.18755,69.22437,69.26016,69.29553,69.33212,69.36877,69.40513,69.44245,69.47925,69.51577,69.55263,69.58929,69.62615,69.66313,69.69971,69.73626,69.77326,69.80944,69.84553,69.88147,69.91747,69.95422,69.99082,70.02695,70.06361,70.10043,70.13772,70.17455,70.21054,70.24738,70.28378,70.32071,70.35722,70.39364,70.43,70.46642,70.50286,70.53938,70.57579,70.61256,70.64931,70.6856,70.72215,70.75822,70.79482,70.83154,70.86787,70.90456,70.94123,70.97717,71.01343,71.05028,71.08703,71.12363,71.16024,71.19704,71.23354,71.27026,71.30729,71.34393,71.38087,71.41703,71.45432,71.4915,71.52901,71.56583,71.60235,71.63907,71.67551,71.71175,71.748,71.78442,71.82063,71.85729,71.89375,71.92941,71.96501,72.00167,72.03793,72.07424,72.11102,72.14723,72.18407,72.22105,72.25734,72.29432","601.1322,332.743,444.5922,135.9314,475.2506,284.3787,486.7499,704.4158,741.9037,724.1307,395.1807,344.6007,493.9874,344.3405,445.0944,458.7227,397.8599,237.3607,359.5457,431.2809,310.2271,168.4106,169.4349,404.2626,281.6143,454.1797,318.6254,234.827,355.2226,305.731,219.6961,227.2246,135.4221,127.6375,426.6583,474.1451,176.8436,291.5085,552.191,144.1562,193.5537,626.3094,720.1573,589.9486,473.7048,390.3426,551.166,408.3325,313.4415,338.0191,509.4145,1141.778,1801.511,2235.95,1683.118,1371.735,539.9938,586.0052,536.5835,528.965,480.0876,317.9778,518.4444,437.8577,299.8555,507.3512,188.6532,603.8296,193.6215,502.9962,598.1339,196.5419,751.407,264.9865,244.3668,866.3668,358.1846,292.0556,1047.916,623.7889,270.0685,116.7716,306.6406,442.6446,1240.829,685.3776,584.191,647.7254,894.6361,358.4794,821.7136,805.2329,413.752,553.5643,192.7217,337.8223,347.8265,342.2367,251.1662,460.2525,421.2636,497.2465,318.3626,333.0896,575.3278,510.5977,303.3159,181.2936,434.4174,646.6231,586.666,337.4141,252.0043,123.1502,410.5522,286.2164,310.1635,326.5444,179.9613,492.5856,385.761,248.0011,282.5883,406.5552,329.9638,502.276,289.3158,332.6855,166.9743,190.516,168.6597,504.0602,595.5989,467.2394,110.7242,473.2277","IT, 1.7 m/z",69.09,69.57,sp|P22891|PROZ_HUMAN,511.779482,420.245275
IT_1-7_3,ENFVLTTAK,y3,"67.36405,67.4009,67.43733,67.47376,67.5106,67.54736,67.58385,67.61971,67.65643,67.6927,67.72929,67.76519,67.80208,67.83862,67.87566,67.91265,67.94941,67.9865,68.02309,68.06009,68.09696,68.13369,68.17067,68.20765,68.24361,68.28047,68.31725,68.35331,68.38909,68.42584,68.46217,68.49884,68.53528,68.57149,68.60808,68.6441,68.6809,68.717,68.75302,68.78937,68.82543,68.86137,68.89771,68.93384,68.96936,69.00539,69.04118,69.07827,69.11459,69.15154,69.18755,69.22437,69.26016,69.29553,69.33212,69.36877,69.40513,69.44245,69.47925,69.51577,69.55263,69.58929,69.62615,69.66313,69.69971,69.73626,69.77326,69.80944,69.84553,69.88147,69.91747,69.95422,69.99082,70.02695,70.06361,70.10043,70.13772,70.17455,70.21054,70.24738,70.28378,70.32071,70.35722,70.39364,70.43,70.46642,70.50286,70.53938,70.57579,70.61256,70.64931,70.6856,70.72215,70.75822,70.79482,70.83154,70.86787,70.90456,70.94123,70.97717,71.01343,71.05028,71.08703,71.12363,71.16024,71.19704,71.23354,71.27026,71.30729,71.34393,71.38087,71.41703,71.45432,71.4915,71.52901,71.56583,71.60235,71.63907,71.67551,71.71175,71.748,71.78442,71.82063,71.85729,71.89375,71.92941,71.96501,72.00167,72.03793,72.07424,72.11102,72.14723,72.18407,72.22105,72.25734,72.29432","166.3707,186.8661,153.7741,141.7564,238.3671,52.3462,140.0471,422.3442,80.84087,195.5069,200.5204,302.9549,231.0293,166.5132,301.3818,270.5413,254.8888,156.7139,168.7548,312.461,330.9306,364.2954,2793.979,3757.73,4105.149,3724.986,3379.281,3371.652,2266.814,2027.034,1454.677,1522.073,1075.788,856.541,444.1627,377.8629,577.3993,361.1516,268.6501,378.8891,383.2167,222.0167,533.2766,488.3198,510.4362,532.3459,965.1141,404.0149,348.1439,489.5997,448.2205,793.0317,1079.996,1403.718,929.9518,591.6775,353.1369,356.731,462.8589,294.2539,502.7168,298.6577,260.2624,362.6163,378.5283,211.3909,254.8803,212.392,88.20121,350.4341,211.4444,153.1098,238.6497,206.459,121.3924,241.5615,201.2321,152.7618,273.3508,212.3639,170.9458,151.0148,214.6708,176.8751,546.9359,218.8481,383.7886,232.1055,630.552,359.6154,319.436,251.709,385.9261,135.868,96.15599,190.8392,135.8912,197.7763,181.0499,215.7407,150.1052,108.7761,495.957,92.83737,230.9695,141.1229,178.9176,179.7617,110.0145,141.9766,257.3015,261.7595,179.79,160.133,233.6529,111.566,438.7485,118.8453,216.6877,149.6169,414.8076,84.06299,136.271,95.80167,124.2648,208.3521,193.7752,45.30692,143.9932,44.05857,208.5011,226.3185,307.0194,146.2956,285.2989,262.4819","IT, 1.7 m/z",69.09,69.57,sp|P22891|PROZ_HUMAN,511.779482,319.197596
IT_1-7_2,ENFVLTTAK,b2,"67.34725,67.38374,67.4199,67.45589,67.49235,67.52882,67.56508,67.60143,67.63683,67.67289,67.70914,67.74528,67.7817,67.81862,67.85516,67.89211,67.92942,67.96631,68.00318,68.04011,68.07704,68.11392,68.1505,68.18731,68.22396,68.26063,68.29753,68.33481,68.37112,68.40774,68.44435,68.48118,68.51816,68.55448,68.59116,68.628,68.66459,68.70136,68.73801,68.77471,68.81161,68.84807,68.88488,68.92209,68.95767,68.994,69.0302,69.06716,69.1039,69.14053,69.1769,69.21313,69.2486,69.28435,69.32037,69.35685,69.39249,69.42905,69.4652,69.50174,69.53775,69.57417,69.6106,69.64727,69.68427,69.72028,69.75747,69.7943,69.8308,69.8672,69.90392,69.94122,69.97799,70.01466,70.05141,70.08811,70.12516,70.16208,70.1982,70.23479,70.27087,70.30743,70.34424,70.38087,70.41786,70.4541,70.49109,70.52732,70.56396,70.60106,70.63779,70.67472,70.71165,70.74824,70.78542,70.82178,70.85915,70.89603,70.93273,70.96911,71.00459,71.04099,71.07722,71.11354,71.14983,71.18572,71.22202,71.25847,71.2951,71.33214,71.36851,71.40498,71.44183,71.47884,71.51565,71.55193,71.58887,71.62564,71.66196,71.6987,71.73505,71.77092,71.80771,71.84396,71.88103,71.91709,71.95354,71.98962,72.02583,72.06248,72.09878,72.13496,72.17155,72.2084,72.24414,72.28124","468.4048,375.7198,465.9946,295.1843,281.1866,244.8905,239.4921,368.7672,362.4558,226.9311,443.1899,192.6276,537.8481,228.6925,360.4876,244.7782,164.5814,326.2571,271.5209,575.1956,661.5301,1030.25,1380.898,1482.277,1941.375,877.3145,1019.238,743.8564,757.4047,542.3333,531.3804,290.0472,296.325,321.8814,675.2195,817.5077,491.2129,655.3101,775.2213,687.3416,944.5206,632.6368,609.9854,412.5268,674.8835,649.2457,536.4443,401.0962,351.8031,347.6244,273.4544,403.1618,325.5146,236.158,837.0894,1621.059,4985.186,6985.325,7768.808,7665.424,5299.784,4857.265,3747.038,2127.87,1943.092,1387.123,895.5909,921.4758,1366.703,1485.657,1330.253,930.1023,608.1434,483.5532,943.4586,820.7866,575.8809,538.1724,516.6612,569.2245,546.726,273.2026,529.251,359.3121,333.9179,457.4239,484.1741,769.4238,425.3058,746.8742,1036.676,695.4657,657.4478,1202.875,437.1443,795.0222,586.4865,350.6847,410.806,405.2855,432.0719,471.604,516.3072,636.5576,685.3118,423.7068,465.4744,406.5181,382.8935,424.4174,436.7059,762.3536,498.5456,636.2393,617.7276,575.1272,548.4193,223.6291,511.2856,330.9543,388.5603,418.1528,406.1035,297.1903,426.7542,339.7887,260.9194,380.3323,362.2846,319.8437,368.4556,387.2881,245.5182,238.7259,474.0533,431.7818","IT, 1.7 m/z",69.69,70.17,sp|P22891|PROZ_HUMAN,511.779482,244.092797
IT_1-7_2,ENFVLTTAK,y6,"67.34725,67.38374,67.4199,67.45589,67.49235,67.52882,67.56508,67.60143,67.63683,67.67289,67.70914,67.74528,67.7817,67.81862,67.85516,67.89211,67.92942,67.96631,68.00318,68.04011,68.07704,68.11392,68.1505,68.18731,68.22396,68.26063,68.29753,68.33481,68.37112,68.40774,68.44435,68.48118,68.51816,68.55448,68.59116,68.628,68.66459,68.70136,68.73801,68.77471,68.81161,68.84807,68.88488,68.92209,68.95767,68.994,69.0302,69.06716,69.1039,69.14053,69.1769,69.21313,69.2486,69.28435,69.32037,69.35685,69.39249,69.42905,69.4652,69.50174,69.53775,69.57417,69.6106,69.64727,69.68427,69.72028,69.75747,69.7943,69.8308,69.8672,69.90392,69.94122,69.97799,70.01466,70.05141,70.08811,70.12516,70.16208,70.1982,70.23479,70.27087,70.30743,70.34424,70.38087,70.41786,70.4541,70.49109,70.52732,70.56396,70.60106,70.63779,70.67472,70.71165,70.74824,70.78542,70.82178,70.85915,70.89603,70.93273,70.96911,71.00459,71.04099,71.07722,71.11354,71.14983,71.18572,71.22202,71.25847,71.2951,71.33214,71.36851,71.40498,71.44183,71.47884,71.51565,71.55193,71.58887,71.62564,71.66196,71.6987,71.73505,71.77092,71.80771,71.84396,71.88103,71.91709,71.95354,71.98962,72.02583,72.06248,72.09878,72.13496,72.17155,72.2084,72.24414,72.28124","413.6893,381.3514,268.1558,559.5547,604.5936,974.7896,805.1837,860.4194,673.2152,310.0475,570.5219,444.8708,215.5812,189.7972,147.0759,143.9821,129.2013,444.0132,165.0224,309.6808,85.24718,345.5457,252.6022,84.99017,565.4075,441.57,215.6129,121.9367,282.5952,0,260.8998,272.1766,401.7925,2709.925,7737.912,6675.923,3833.409,2749.961,2521.236,1559.902,1173.991,958.8677,884.2855,774.4133,923.5577,713.298,528.6001,181.261,195.0788,321.2098,405.7063,268.5585,212.7584,57.80661,48.05835,238.9171,187.3668,299.4318,424.9259,264.4507,213.8218,163.0972,245.7282,181.7494,140.8487,165.8681,823.0728,946.2001,1799.116,2515.89,1799.36,1893.841,777.597,513.7096,348.151,456.0273,473.4881,345.2588,400.654,513.4047,139.7567,304.0848,79.73943,272.7538,30.91564,231.8592,253.0834,238.7006,563.1331,362.0815,77.26693,235.367,109.9241,253.3527,68.49587,229.8833,52.10459,89.71101,285.4929,0,317.7943,164.0875,466.3693,199.6389,279.7979,371.756,291.3642,215.5403,105.1681,277.6214,168.7787,198.0384,157.2969,112.1156,298.3509,212.4995,0,68.71779,138.0664,105.1644,308.8101,262.5085,101.1178,177.7956,98.39382,237.3474,102.788,52.00815,230.8948,210.8464,93.12456,57.62868,60.49081,296.0265,54.98388,212.0775","IT, 1.7 m/z",69.69,70.17,sp|P22891|PROZ_HUMAN,511.779482,632.397753
IT_1-7_2,ENFVLTTAK,y5,"67.34725,67.38374,67.4199,67.45589,67.49235,67.52882,67.56508,67.60143,67.63683,67.67289,67.70914,67.74528,67.7817,67.81862,67.85516,67.89211,67.92942,67.96631,68.00318,68.04011,68.07704,68.11392,68.1505,68.18731,68.22396,68.26063,68.29753,68.33481,68.37112,68.40774,68.44435,68.48118,68.51816,68.55448,68.59116,68.628,68.66459,68.70136,68.73801,68.77471,68.81161,68.84807,68.88488,68.92209,68.95767,68.994,69.0302,69.06716,69.1039,69.14053,69.1769,69.21313,69.2486,69.28435,69.32037,69.35685,69.39249,69.42905,69.4652,69.50174,69.53775,69.57417,69.6106,69.64727,69.68427,69.72028,69.75747,69.7943,69.8308,69.8672,69.90392,69.94122,69.97799,70.01466,70.05141,70.08811,70.12516,70.16208,70.1982,70.23479,70.27087,70.30743,70.34424,70.38087,70.41786,70.4541,70.49109,70.52732,70.56396,70.60106,70.63779,70.67472,70.71165,70.74824,70.78542,70.82178,70.85915,70.89603,70.93273,70.96911,71.00459,71.04099,71.07722,71.11354,71.14983,71.18572,71.22202,71.25847,71.2951,71.33214,71.36851,71.40498,71.44183,71.47884,71.51565,71.55193,71.58887,71.62564,71.66196,71.6987,71.73505,71.77092,71.80771,71.84396,71.88103,71.91709,71.95354,71.98962,72.02583,72.06248,72.09878,72.13496,72.17155,72.2084,72.24414,72.28124","430.7822,175.6913,263.9573,552.2886,844.2651,1078.823,549.2088,826.3131,153.5691,235.5616,0,186.6495,392.5057,183.1981,167.5381,229.3358,0,413.3172,404.5135,301.7997,240.1003,481.7769,528.248,541.1808,482.9251,379.3156,373.1693,315.4062,363.9359,169.6204,209.9611,85.2121,189.995,99.33408,365.5892,453.4059,499.7487,1019.28,817.1005,103.2607,266.4214,363.3094,725.3909,592.4897,585.0787,485.0576,80.69633,408.5203,110.5774,134.6657,322.7383,344.492,107.3867,186.2067,269.2144,254.3369,119.0692,224.4473,304.8897,74.03322,251.6451,769.9413,207.0271,284.0869,308.4915,277.245,683.6594,2026.719,3973.337,4382.912,4372.712,2497.172,1180.271,904.5735,912.9893,530.8243,506.7166,453.778,397.6015,217.1226,161.4364,250.2295,218.4975,460.5753,74.33514,393.8875,848.0709,575.0575,596.0909,589.7795,1455.315,872.7077,257.4455,377.5919,260.1424,501.2472,351.1608,306.8899,449.9343,353.9093,365.1118,94.04547,374.6382,411.0374,274.2848,340.8474,193.7763,108.3631,0,169.1592,329.9193,152.8064,377.9212,224.5235,207.7859,239.3633,266.2789,69.59556,23.75471,193.3288,303.8599,152.7544,298.7629,256.7203,136.9368,131.0229,254.328,255.3454,243.0545,190.6526,232.1888,150.6984,34.22646,211.2924,148.6954,277.9063","IT, 1.7 m/z",69.69,70.17,sp|P22891|PROZ_HUMAN,511.779482,533.329339
IT_1-7_2,ENFVLTTAK,y4,"67.34725,67.38374,67.4199,67.45589,67.49235,67.52882,67.56508,67.60143,67.63683,67.67289,67.70914,67.74528,67.7817,67.81862,67.85516,67.89211,67.92942,67.96631,68.00318,68.04011,68.07704,68.11392,68.1505,68.18731,68.22396,68.26063,68.29753,68.33481,68.37112,68.40774,68.44435,68.48118,68.51816,68.55448,68.59116,68.628,68.66459,68.70136,68.73801,68.77471,68.81161,68.84807,68.88488,68.92209,68.95767,68.994,69.0302,69.06716,69.1039,69.14053,69.1769,69.21313,69.2486,69.28435,69.32037,69.35685,69.39249,69.42905,69.4652,69.50174,69.53775,69.57417,69.6106,69.64727,69.68427,69.72028,69.75747,69.7943,69.8308,69.8672,69.90392,69.94122,69.97799,70.01466,70.05141,70.08811,70.12516,70.16208,70.1982,70.23479,70.27087,70.30743,70.34424,70.38087,70.41786,70.4541,70.49109,70.52732,70.56396,70.60106,70.63779,70.67472,70.71165,70.74824,70.78542,70.82178,70.85915,70.89603,70.93273,70.96911,71.00459,71.04099,71.07722,71.11354,71.14983,71.18572,71.22202,71.25847,71.2951,71.33214,71.36851,71.40498,71.44183,71.47884,71.51565,71.55193,71.58887,71.62564,71.66196,71.6987,71.73505,71.77092,71.80771,71.84396,71.88103,71.91709,71.95354,71.98962,72.02583,72.06248,72.09878,72.13496,72.17155,72.2084,72.24414,72.28124","634.6964,696.5466,1059.26,2541.307,3859.292,5303.906,5655.807,4756.625,3632.749,2795.914,2012.67,1172.936,947.7739,602.5475,506.6371,707.4724,811.5672,388.7324,296.9429,343.3728,306.8127,574.0928,489.744,305.9664,316.825,535.858,165.4522,490.4299,549.2906,228.5978,246.3916,389.9668,305.0686,335.0356,170.1936,641.3779,644.6905,438.3257,484.6299,627.6138,236.4653,244.4128,443.4802,198.7051,368.6501,160.5049,304.6526,1199.093,404.7025,429.1295,583.6908,247.4191,539.9619,257.0441,649.6993,662.3129,659.9934,451.1249,231.5341,669.4173,886.5892,498.7219,661.0511,273.1565,241.5059,355.3352,385.6474,1203.985,2090.837,2166.734,1710.8,1703.755,892.4459,573.9805,522.6754,453.8263,597.6212,325.7426,537.6362,590.5377,509.8075,439.6441,334.6886,323.1533,283.4906,345.5045,509.9117,864.4743,296.3629,1063.937,504.6769,804.6597,212.5912,472.6169,347.9337,522.3198,313.858,186.2889,445.9034,126.79,613.6523,821.7623,657.0991,837.0756,1112.136,619.3965,608.2319,477.6248,318.1354,432.6312,1000.609,137.338,423.7325,501.1614,565.7849,365.7011,474.8418,447.6041,340.6939,271.4642,462.011,349.6514,329.6822,321.0924,565.3206,384.8924,206.8305,377.0505,207.5566,508.9447,495.4915,642.8927,407.3456,429.9756,703.6604,540.5829","IT, 1.7 m/z",69.69,70.17,sp|P22891|PROZ_HUMAN,511.779482,420.245275
IT_1-7_2,ENFVLTTAK,y3,"67.34725,67.38374,67.4199,67.45589,67.49235,67.52882,67.56508,67.60143,67.63683,67.67289,67.70914,67.74528,67.7817,67.81862,67.85516,67.89211,67.92942,67.96631,68.00318,68.04011,68.07704,68.11392,68.1505,68.18731,68.22396,68.26063,68.29753,68.33481,68.37112,68.40774,68.44435,68.48118,68.51816,68.55448,68.59116,68.628,68.66459,68.70136,68.73801,68.77471,68.81161,68.84807,68.88488,68.92209,68.95767,68.994,69.0302,69.06716,69.1039,69.14053,69.1769,69.21313,69.2486,69.28435,69.32037,69.35685,69.39249,69.42905,69.4652,69.50174,69.53775,69.57417,69.6106,69.64727,69.68427,69.72028,69.75747,69.7943,69.8308,69.8672,69.90392,69.94122,69.97799,70.01466,70.05141,70.08811,70.12516,70.16208,70.1982,70.23479,70.27087,70.30743,70.34424,70.38087,70.41786,70.4541,70.49109,70.52732,70.56396,70.60106,70.63779,70.67472,70.71165,70.74824,70.78542,70.82178,70.85915,70.89603,70.93273,70.96911,71.00459,71.04099,71.07722,71.11354,71.14983,71.18572,71.22202,71.25847,71.2951,71.33214,71.36851,71.40498,71.44183,71.47884,71.51565,71.55193,71.58887,71.62564,71.66196,71.6987,71.73505,71.77092,71.80771,71.84396,71.88103,71.91709,71.95354,71.98962,72.02583,72.06248,72.09878,72.13496,72.17155,72.2084,72.24414,72.28124","129.3463,365.291,86.31853,250.7114,164.2415,441.5671,37.866,250.5877,184.7467,208.4156,167.221,243.2659,115.7386,273.8967,268.1351,96.08325,186.147,162.0146,0,38.51001,231.4428,189.2326,324.1399,88.66914,243.5749,372.1215,271.3771,345.2578,146.5404,49.61688,378.3068,144.8328,65.89227,96.72964,246.5183,291.9115,1193.159,4152.048,4035.771,3730.319,2989.422,2298.563,2714.917,1798.449,1933.132,1406.176,1193.946,768.3789,753.7286,563.4785,414.4082,565.0648,290.8708,211.4022,369.8581,320.2292,609.3661,851.9074,854.3962,833.9755,551.7574,598.0815,327.4591,218.1017,264.5634,267.5108,381.9402,589.6784,1196.161,1921.901,1510.586,831.6726,509.8861,449.0747,305.1705,309.8997,414.8544,261.3805,398.7564,148.4168,232.2952,411.8525,87.22511,179.3293,170.9528,148.6725,151.3987,321.5349,125.2525,181.9501,343.9608,253.8102,179.7961,218.8042,81.3214,306.1084,115.9091,75.25812,249.2706,273.6326,211.2586,507.3314,440.6174,311.4965,330.7895,207.4222,414.2571,136.3324,158.844,240.1559,235.9044,206.8187,288.2809,195.9147,280.1036,204.3218,140.4364,162.8078,194.068,122.7919,200.5674,396.4905,370.1606,203.0032,186.7112,167.8891,92.1198,301.3681,192.3057,197.4237,200.4731,339.0896,62.36587,122.8326,173.5303,388.8113","IT, 1.7 m/z",69.69,70.17,sp|P22891|PROZ_HUMAN,511.779482,319.197596
